Date,Invoice ID,Customer Name,Product,Category,Quantity,Unit Price,Total
2024-03-01,INV031000,Phillip Velazquez,Laptop,Electronics,9,177,1593
2024-03-02,INV031001,Sharon Gray,Mouse,Accessories,2,426,852
2024-03-03,INV031002,Nicholas Baker,Laptop,Electronics,6,338,2028
2024-03-04,INV031003,Mario Baker,Monitor,Electronics,1,88,88
2024-03-05,INV031004,Shannon Murray,Keyboard,Electronics,7,54,378
2024-03-06,INV031005,David Dixon,Chair,Furniture,1,177,177
2024-03-07,INV031006,Randy Garcia,Mouse,Accessories,3,329,987
2024-03-08,INV031007,Ricky Bell,Chair,Electronics,9,176,1584
2024-03-09,INV031008,Gloria Ortiz,Monitor,Electronics,9,162,1458
2024-03-10,INV031009,Noah Lawrence,Chair,Accessories,7,468,3276
2024-03-11,INV031010,Jennifer Wilson,Laptop,Accessories,1,110,110
2024-03-12,INV031011,Mr. Aaron Fischer,Mouse,Accessories,9,369,3321
2024-03-13,INV031012,Raymond Grant,Mouse,Furniture,7,352,2464
2024-03-14,INV031013,Dylan Turner,Keyboard,Electronics,4,133,532
2024-03-15,INV031014,Jessica Bennett,Monitor,Accessories,3,257,771
2024-03-16,INV031015,Gary Wright,Keyboard,Furniture,5,270,1350
2024-03-17,INV031016,Brittany Davis,Mouse,Accessories,3,459,1377
2024-03-18,INV031017,David Moore,Monitor,Furniture,4,169,676
2024-03-19,INV031018,Jeffrey Clayton DDS,Chair,Accessories,8,150,1200
2024-03-20,INV031019,Emily Walter,Monitor,Electronics,6,316,1896
2024-03-21,INV031020,Brett James,Chair,Electronics,1,428,428
2024-03-22,INV031021,Angela Pacheco,Mouse,Electronics,4,252,1008
2024-03-23,INV031022,Mr. Paul Williams,Mouse,Accessories,2,331,662
2024-03-24,INV031023,Randall Martin,Mouse,Accessories,2,494,988
2024-03-25,INV031024,Lauren Moore,Monitor,Furniture,5,284,1420
2024-03-26,INV031025,James Lang,Mouse,Electronics,9,466,4194
2024-03-27,INV031026,Nathan Chase,Laptop,Accessories,2,304,608
2024-03-28,INV031027,Peter Anthony,Mouse,Furniture,2,467,934
2024-03-29,INV031028,Jenna Peterson,Monitor,Accessories,2,218,436
2024-03-30,INV031029,Jennifer Smith,Laptop,Furniture,2,315,630
2024-03-31,INV031030,Alison Garcia,Laptop,Accessories,4,449,1796
2024-04-01,INV031031,Samantha Holland,Chair,Electronics,4,242,968
2024-04-02,INV031032,Christine Lucero,Mouse,Accessories,5,293,1465
2024-04-03,INV031033,Lisa Simmons,Mouse,Accessories,1,350,350
2024-04-04,INV031034,Michael Hansen,Monitor,Electronics,9,182,1638
2024-04-05,INV031035,Sydney Jenkins,Mouse,Furniture,2,482,964
2024-04-06,INV031036,William Todd,Laptop,Accessories,1,373,373
2024-04-07,INV031037,Krystal Miles,Chair,Accessories,3,99,297
2024-04-08,INV031038,William Lewis,Keyboard,Accessories,9,147,1323
2024-04-09,INV031039,Robert Flores,Laptop,Electronics,7,450,3150
2024-04-10,INV031040,Elizabeth Matthews,Monitor,Furniture,4,325,1300
2024-04-11,INV031041,Nathan Roth,Monitor,Furniture,1,134,134
2024-04-12,INV031042,Joe Jackson,Laptop,Electronics,4,371,1484
2024-04-13,INV031043,Anthony Smith,Laptop,Furniture,4,81,324
2024-04-14,INV031044,Kevin Nunez,Chair,Electronics,9,96,864
2024-04-15,INV031045,Ariana Cooper,Laptop,Electronics,5,146,730
2024-04-16,INV031046,Michael Morales,Laptop,Electronics,1,310,310
2024-04-17,INV031047,Tara Woods,Mouse,Electronics,3,326,978
2024-04-18,INV031048,Nicholas Combs,Mouse,Electronics,3,279,837
2024-04-19,INV031049,Rachel Gutierrez,Keyboard,Furniture,7,283,1981
2024-04-20,INV031050,Taylor Woods,Laptop,Accessories,7,210,1470
2024-04-21,INV031051,Joanne Jensen,Keyboard,Furniture,4,269,1076
2024-04-22,INV031052,Susan Fisher,Monitor,Accessories,4,268,1072
2024-04-23,INV031053,Mr. Michael Hamilton MD,Keyboard,Electronics,7,340,2380
2024-04-24,INV031054,Madeline Williams,Chair,Accessories,2,442,884
2024-04-25,INV031055,Christopher Torres,Monitor,Furniture,9,258,2322
2024-04-26,INV031056,Tricia Johnson,Monitor,Electronics,5,273,1365
2024-04-27,INV031057,Laura Owen,Monitor,Accessories,2,483,966
2024-04-28,INV031058,Shawn Wall,Monitor,Electronics,8,304,2432
2024-04-29,INV031059,Christopher Jensen,Laptop,Electronics,3,135,405
2024-04-30,INV031060,Joel Salinas,Monitor,Electronics,4,201,804
2024-05-01,INV031061,Whitney Bailey,Chair,Electronics,9,363,3267
2024-05-02,INV031062,Jessica Mcmahon,Keyboard,Electronics,3,126,378
2024-05-03,INV031063,Christine Wise,Laptop,Accessories,9,51,459
2024-05-04,INV031064,Raymond Elliott,Monitor,Electronics,3,282,846
2024-05-05,INV031065,Thomas Ross,Keyboard,Electronics,8,415,3320
2024-05-06,INV031066,John Case,Laptop,Furniture,2,148,296
2024-05-07,INV031067,Nicholas Davis,Keyboard,Accessories,2,105,210
2024-05-08,INV031068,Ronald Woods,Chair,Electronics,2,115,230
2024-05-09,INV031069,Benjamin Holt,Monitor,Furniture,7,431,3017
2024-05-10,INV031070,Darrell Johnson,Keyboard,Electronics,9,233,2097
2024-05-11,INV031071,Nicole Nash,Keyboard,Accessories,6,206,1236
2024-05-12,INV031072,Brian Bell,Chair,Accessories,9,77,693
2024-05-13,INV031073,Robert Koch,Keyboard,Furniture,7,71,497
2024-05-14,INV031074,Charles Gray,Laptop,Accessories,2,346,692
2024-05-15,INV031075,Kenneth Hernandez,Monitor,Furniture,2,58,116
2024-05-16,INV031076,Pamela Nichols,Monitor,Accessories,3,485,1455
2024-05-17,INV031077,Jerry Nelson,Chair,Electronics,5,97,485
2024-05-18,INV031078,Donna Burns,Chair,Accessories,1,186,186
2024-05-19,INV031079,Mary Stewart,Mouse,Accessories,6,309,1854
2024-05-20,INV031080,Zachary Romero,Mouse,Electronics,8,120,960
2024-05-21,INV031081,Cheryl Garza,Monitor,Accessories,6,348,2088
2024-05-22,INV031082,Michael Estrada,Monitor,Accessories,1,489,489
2024-05-23,INV031083,Christopher Collins,Mouse,Furniture,3,244,732
2024-05-24,INV031084,Norman Griffith,Laptop,Accessories,8,436,3488
2024-05-25,INV031085,James Dominguez,Keyboard,Accessories,5,416,2080
2024-05-26,INV031086,Mark Mcgrath,Mouse,Furniture,7,451,3157
2024-05-27,INV031087,Brian Jones,Laptop,Accessories,4,136,544
2024-05-28,INV031088,Karen Hood,Chair,Electronics,5,155,775
2024-05-29,INV031089,Rebecca Cruz,Chair,Furniture,3,328,984
2024-05-30,INV031090,Joshua Collins,Chair,Electronics,2,143,286
2024-05-31,INV031091,Benjamin Morrow,Keyboard,Electronics,8,275,2200
2024-06-01,INV031092,Steven Singleton,Laptop,Furniture,5,282,1410
2024-06-02,INV031093,Leah Martin,Monitor,Accessories,9,380,3420
2024-06-03,INV031094,Miss Tiffany Dawson,Laptop,Accessories,8,236,1888
2024-06-04,INV031095,Timothy Gutierrez,Laptop,Accessories,1,329,329
2024-06-05,INV031096,Timothy Williams,Chair,Electronics,4,87,348
2024-06-06,INV031097,Sandra Barnett,Monitor,Furniture,4,244,976
2024-06-07,INV031098,Veronica Robinson,Laptop,Furniture,1,336,336
2024-06-08,INV031099,Dr. Sydney Jackson MD,Chair,Accessories,8,371,2968
2024-06-09,INV031100,Jesse Gonzalez,Monitor,Electronics,2,177,354
2024-06-10,INV031101,Shannon Ali,Keyboard,Furniture,9,483,4347
2024-06-11,INV031102,Brian Macdonald,Laptop,Accessories,7,120,840
2024-06-12,INV031103,Crystal Ortega,Laptop,Furniture,3,248,744
2024-06-13,INV031104,Jeremy Huang,Keyboard,Electronics,7,397,2779
2024-06-14,INV031105,Brandy Cook,Keyboard,Electronics,7,213,1491
2024-06-15,INV031106,Jason Hayden,Monitor,Furniture,3,367,1101
2024-06-16,INV031107,Daniel Harris PhD,Monitor,Accessories,6,309,1854
2024-06-17,INV031108,Brian Thompson,Chair,Accessories,3,117,351
2024-06-18,INV031109,John Rodriguez,Mouse,Electronics,1,347,347
2024-06-19,INV031110,Karen Wallace,Monitor,Accessories,8,449,3592
2024-06-20,INV031111,Katherine Massey,Monitor,Accessories,1,223,223
2024-06-21,INV031112,Neil Marks,Keyboard,Electronics,3,65,195
2024-06-22,INV031113,Joshua Rodriguez,Laptop,Accessories,6,377,2262
2024-06-23,INV031114,Tanya Brown,Mouse,Electronics,2,357,714
2024-06-24,INV031115,Amanda Harrington,Chair,Accessories,8,105,840
2024-06-25,INV031116,Antonio Walker,Monitor,Accessories,5,243,1215
2024-06-26,INV031117,Christopher Wong,Laptop,Accessories,4,400,1600
2024-06-27,INV031118,Megan Cox,Chair,Furniture,4,453,1812
2024-06-28,INV031119,David Nguyen,Monitor,Electronics,4,345,1380
2024-06-29,INV031120,Jennifer Flores,Keyboard,Electronics,2,383,766
2024-06-30,INV031121,Mrs. Jennifer Perez,Laptop,Furniture,2,195,390
2024-07-01,INV031122,Kristina Osborne,Keyboard,Furniture,2,265,530
2024-07-02,INV031123,Nicholas Phillips,Monitor,Furniture,7,227,1589
2024-07-03,INV031124,Samantha Brooks,Keyboard,Electronics,5,497,2485
2024-07-04,INV031125,Alexander Anderson,Chair,Furniture,3,373,1119
2024-07-05,INV031126,Kayla Sampson,Keyboard,Furniture,5,347,1735
2024-07-06,INV031127,David Harper,Chair,Furniture,2,261,522
2024-07-07,INV031128,Sharon Crane,Monitor,Accessories,5,485,2425
2024-07-08,INV031129,Michael Johnson,Mouse,Accessories,9,180,1620
2024-07-09,INV031130,Kevin Patton,Monitor,Furniture,3,416,1248
2024-07-10,INV031131,Emily Hubbard,Chair,Furniture,3,461,1383
2024-07-11,INV031132,Holly Quinn,Monitor,Furniture,8,182,1456
2024-07-12,INV031133,Blake Phillips,Chair,Furniture,6,333,1998
2024-07-13,INV031134,Gene Juarez,Chair,Electronics,9,173,1557
2024-07-14,INV031135,Chad Chen,Mouse,Electronics,9,113,1017
2024-07-15,INV031136,Amy Lynch,Mouse,Accessories,9,336,3024
2024-07-16,INV031137,Mr. Christopher Huff,Monitor,Accessories,4,469,1876
2024-07-17,INV031138,Anna Ruiz,Keyboard,Furniture,4,122,488
2024-07-18,INV031139,Amanda Bailey,Keyboard,Electronics,4,83,332
2024-07-19,INV031140,John Watts,Mouse,Furniture,8,471,3768
2024-07-20,INV031141,Amanda Callahan,Mouse,Accessories,3,284,852
2024-07-21,INV031142,Gregory Alvarez,Monitor,Furniture,4,484,1936
2024-07-22,INV031143,Christopher Smith,Laptop,Electronics,2,228,456
2024-07-23,INV031144,Shane Brooks,Monitor,Accessories,9,278,2502
2024-07-24,INV031145,Stephen Hunter Jr.,Keyboard,Furniture,9,366,3294
2024-07-25,INV031146,Bradley Payne,Monitor,Furniture,5,478,2390
2024-07-26,INV031147,Manuel Fox,Chair,Accessories,3,273,819
2024-07-27,INV031148,Joseph Bray,Keyboard,Accessories,4,102,408
2024-07-28,INV031149,Elizabeth Morgan,Keyboard,Electronics,2,254,508
2024-07-29,INV031150,Jasmine Cherry,Laptop,Accessories,6,141,846
2024-07-30,INV031151,David Vaughan,Laptop,Electronics,2,340,680
2024-07-31,INV031152,April Mccoy,Mouse,Accessories,8,329,2632
2024-08-01,INV031153,Steven Thompson,Laptop,Accessories,6,320,1920
2024-08-02,INV031154,Marvin Mann,Laptop,Accessories,8,82,656
2024-08-03,INV031155,Christina Mason,Laptop,Furniture,3,378,1134
2024-08-04,INV031156,Nicole Lee,Chair,Furniture,7,191,1337
2024-08-05,INV031157,Monica Olson,Laptop,Accessories,6,406,2436
2024-08-06,INV031158,Christine Mckenzie,Laptop,Electronics,4,405,1620
2024-08-07,INV031159,Christopher Francis,Keyboard,Accessories,7,109,763
2024-08-08,INV031160,Richard Craig,Keyboard,Accessories,5,480,2400
2024-08-09,INV031161,Brenda Ali,Laptop,Accessories,2,71,142
2024-08-10,INV031162,Jeffrey Montes,Laptop,Accessories,2,388,776
2024-08-11,INV031163,Theresa Romero,Mouse,Electronics,3,495,1485
2024-08-12,INV031164,Janet Boyd,Keyboard,Electronics,2,95,190
2024-08-13,INV031165,Alex Smith,Monitor,Furniture,9,363,3267
2024-08-14,INV031166,Brian Griffin,Monitor,Accessories,3,73,219
2024-08-15,INV031167,Jessica Roberts,Laptop,Accessories,2,265,530
2024-08-16,INV031168,Matthew Griffin,Mouse,Furniture,7,392,2744
2024-08-17,INV031169,Damon Lee,Laptop,Furniture,9,263,2367
2024-08-18,INV031170,Alan Garcia,Chair,Accessories,2,95,190
2024-08-19,INV031171,Michelle White,Mouse,Accessories,3,91,273
2024-08-20,INV031172,Michelle Davis,Laptop,Accessories,6,158,948
2024-08-21,INV031173,Michelle Gardner,Mouse,Furniture,3,151,453
2024-08-22,INV031174,Jeffrey Peterson,Monitor,Electronics,8,267,2136
2024-08-23,INV031175,Jacob Leach,Keyboard,Accessories,2,125,250
2024-08-24,INV031176,Sherri Williams,Mouse,Accessories,9,221,1989
2024-08-25,INV031177,Diane Miller,Laptop,Electronics,5,209,1045
2024-08-26,INV031178,Robert Ayala,Chair,Furniture,7,220,1540
2024-08-27,INV031179,Barbara Gonzalez,Keyboard,Electronics,9,450,4050
2024-08-28,INV031180,Corey Hill,Laptop,Accessories,2,370,740
2024-08-29,INV031181,Brandy Smith,Mouse,Furniture,5,146,730
2024-08-30,INV031182,Karen Estrada,Keyboard,Electronics,9,469,4221
2024-08-31,INV031183,Alicia Hickman,Laptop,Accessories,1,353,353
2024-09-01,INV031184,Paul Potter,Monitor,Furniture,2,237,474
2024-09-02,INV031185,Michele Caldwell,Monitor,Accessories,9,122,1098
2024-09-03,INV031186,Shawn Rodriguez,Monitor,Electronics,3,349,1047
2024-09-04,INV031187,Christopher Brown,Laptop,Electronics,4,457,1828
2024-09-05,INV031188,Luis Johnson,Monitor,Accessories,5,233,1165
2024-09-06,INV031189,Richard Hughes,Monitor,Accessories,7,321,2247
2024-09-07,INV031190,Lisa Mccall,Laptop,Furniture,5,153,765
2024-09-08,INV031191,Suzanne Williamson,Keyboard,Accessories,6,139,834
2024-09-09,INV031192,Jessica Ferguson,Chair,Electronics,3,349,1047
2024-09-10,INV031193,Christopher Massey,Chair,Accessories,6,268,1608
2024-09-11,INV031194,Allison Johnson,Chair,Accessories,2,295,590
2024-09-12,INV031195,Lisa Bush,Mouse,Accessories,4,287,1148
2024-09-13,INV031196,Regina Clark,Mouse,Electronics,2,234,468
2024-09-14,INV031197,Lisa Thompson,Monitor,Electronics,1,89,89
2024-09-15,INV031198,Jeffrey Deleon,Keyboard,Accessories,7,163,1141
2024-09-16,INV031199,Michael Miller,Keyboard,Accessories,8,496,3968
