Date,Invoice ID,Customer Name,Product,Category,Quantity,Unit Price,Total
2024-02-01,INV021000,Jerome Burnett,Laptop,Accessories,2,157,314
2024-02-02,INV021001,George Jenkins,Laptop,Accessories,9,59,531
2024-02-03,INV021002,Margaret Hayes,Monitor,Accessories,1,421,421
2024-02-04,INV021003,Dylan Padilla,Chair,Accessories,7,461,3227
2024-02-05,INV021004,Michael Wang,Mouse,Accessories,6,61,366
2024-02-06,INV021005,Elizabeth Castillo,Chair,Furniture,3,463,1389
2024-02-07,INV021006,Sarah Martinez,Chair,Electronics,8,419,3352
2024-02-08,INV021007,Elizabeth Wells,Keyboard,Electronics,1,260,260
2024-02-09,INV021008,Brett Coleman,Mouse,Electronics,6,359,2154
2024-02-10,INV021009,Henry Brandt DDS,Chair,Furniture,8,423,3384
2024-02-11,INV021010,Sarah Moore,Laptop,Accessories,7,436,3052
2024-02-12,INV021011,Leslie Gonzalez,Mouse,Accessories,5,223,1115
2024-02-13,INV021012,Larry Reyes,Laptop,Electronics,8,107,856
2024-02-14,INV021013,Nicole Gilbert,Keyboard,Electronics,8,196,1568
2024-02-15,INV021014,Nathan Gray,Laptop,Electronics,3,234,702
2024-02-16,INV021015,Matthew Garrett,Monitor,Electronics,1,260,260
2024-02-17,INV021016,Darrell Ferguson,Chair,Furniture,3,265,795
2024-02-18,INV021017,Michael Williams,Monitor,Accessories,4,433,1732
2024-02-19,INV021018,Dr. Cynthia Ramos,Chair,Furniture,6,439,2634
2024-02-20,INV021019,Kristen Ortiz,Chair,Electronics,3,420,1260
2024-02-21,INV021020,Kaitlin Levine,Mouse,Electronics,3,90,270
2024-02-22,INV021021,Phillip Mcgee,Chair,Accessories,9,329,2961
2024-02-23,INV021022,Brian Gibson,Chair,Accessories,6,314,1884
2024-02-24,INV021023,Sarah Wright,Monitor,Electronics,6,272,1632
2024-02-25,INV021024,Brittany Rollins,Laptop,Furniture,7,155,1085
2024-02-26,INV021025,Diane Rodriguez,Chair,Accessories,6,390,2340
2024-02-27,INV021026,John Brown,Chair,Furniture,3,187,561
2024-02-28,INV021027,Sean Snyder,Keyboard,Electronics,7,318,2226
2024-02-29,INV021028,Nathan Alexander,Chair,Accessories,2,425,850
2024-03-01,INV021029,Daniel Green,Keyboard,Electronics,9,402,3618
2024-03-02,INV021030,Tara James,Laptop,Electronics,4,364,1456
2024-03-03,INV021031,Tracy Brown,Mouse,Furniture,3,65,195
2024-03-04,INV021032,Shane Blake,Mouse,Accessories,1,161,161
2024-03-05,INV021033,Monica Arnold,Mouse,Furniture,1,158,158
2024-03-06,INV021034,Scott Obrien,Chair,Furniture,1,327,327
2024-03-07,INV021035,Kurt Alvarado,Keyboard,Electronics,9,231,2079
2024-03-08,INV021036,Matthew Page,Chair,Furniture,8,197,1576
2024-03-09,INV021037,Sarah Collins,Laptop,Furniture,5,60,300
2024-03-10,INV021038,Rachel Schroeder,Mouse,Electronics,7,343,2401
2024-03-11,INV021039,Rachel Lang,Mouse,Electronics,8,166,1328
2024-03-12,INV021040,Katherine Richardson,Chair,Furniture,9,91,819
2024-03-13,INV021041,Jessica Hunter,Laptop,Electronics,9,370,3330
2024-03-14,INV021042,Bianca Russell,Laptop,Electronics,3,382,1146
2024-03-15,INV021043,Karen Cooper,Mouse,Accessories,9,294,2646
2024-03-16,INV021044,Kim Swanson,Chair,Furniture,2,191,382
2024-03-17,INV021045,Julie Smith,Keyboard,Furniture,5,400,2000
2024-03-18,INV021046,Taylor Clark,Laptop,Furniture,3,369,1107
2024-03-19,INV021047,Gregory Roman,Mouse,Accessories,2,114,228
2024-03-20,INV021048,Dakota Donovan PhD,Monitor,Furniture,8,469,3752
2024-03-21,INV021049,Brian Russell,Mouse,Accessories,8,122,976
2024-03-22,INV021050,Terri Harvey,Monitor,Electronics,6,323,1938
2024-03-23,INV021051,William Clarke,Chair,Furniture,2,452,904
2024-03-24,INV021052,Hannah Chavez,Mouse,Furniture,5,244,1220
2024-03-25,INV021053,Vincent Hubbard,Monitor,Electronics,5,377,1885
2024-03-26,INV021054,David Johnson,Keyboard,Electronics,6,322,1932
2024-03-27,INV021055,April Thomas,Laptop,Electronics,4,410,1640
2024-03-28,INV021056,Jeffery Velazquez,Laptop,Electronics,8,220,1760
2024-03-29,INV021057,Erin Allison,Keyboard,Electronics,5,51,255
2024-03-30,INV021058,Patrick Lee,Keyboard,Electronics,3,80,240
2024-03-31,INV021059,Jennifer Huber,Chair,Accessories,9,264,2376
2024-04-01,INV021060,Maria Jacobs,Keyboard,Electronics,2,79,158
2024-04-02,INV021061,Jillian Guzman,Chair,Furniture,9,471,4239
2024-04-03,INV021062,Desiree Taylor,Chair,Furniture,6,161,966
2024-04-04,INV021063,Jamie Barker,Chair,Electronics,1,302,302
2024-04-05,INV021064,Jason King,Chair,Accessories,3,486,1458
2024-04-06,INV021065,Kelly Lee,Chair,Accessories,8,236,1888
2024-04-07,INV021066,Dakota Lee,Monitor,Electronics,7,239,1673
2024-04-08,INV021067,Maria Alexander,Chair,Electronics,6,422,2532
2024-04-09,INV021068,Katherine Parks,Keyboard,Electronics,9,302,2718
2024-04-10,INV021069,Matthew Hernandez,Laptop,Accessories,6,323,1938
2024-04-11,INV021070,Jason Collins,Chair,Accessories,5,485,2425
2024-04-12,INV021071,James Zhang,Keyboard,Furniture,2,379,758
2024-04-13,INV021072,Tammy Wilson MD,Monitor,Accessories,6,432,2592
2024-04-14,INV021073,Ariana Williams,Mouse,Furniture,6,320,1920
2024-04-15,INV021074,Robert Ochoa,Keyboard,Furniture,6,265,1590
2024-04-16,INV021075,Tina Jones MD,Mouse,Accessories,1,172,172
2024-04-17,INV021076,Jonathan Lee,Mouse,Furniture,2,331,662
2024-04-18,INV021077,Lisa Pierce,Chair,Furniture,5,167,835
2024-04-19,INV021078,George Benton,Keyboard,Accessories,9,232,2088
2024-04-20,INV021079,Danielle Martin,Chair,Furniture,8,375,3000
2024-04-21,INV021080,Marissa Bowers,Laptop,Accessories,6,387,2322
2024-04-22,INV021081,Kurt Taylor,Monitor,Electronics,6,284,1704
2024-04-23,INV021082,Dustin West,Laptop,Furniture,1,206,206
2024-04-24,INV021083,Lisa Patrick,Mouse,Electronics,9,61,549
2024-04-25,INV021084,Spencer Martin,Chair,Electronics,2,124,248
2024-04-26,INV021085,Jonathan Bright,Mouse,Furniture,7,490,3430
2024-04-27,INV021086,Elizabeth Caldwell,Monitor,Furniture,4,184,736
2024-04-28,INV021087,Hannah Turner,Chair,Electronics,7,311,2177
2024-04-29,INV021088,Thomas Morris,Laptop,Accessories,6,263,1578
2024-04-30,INV021089,Ryan Brown,Laptop,Electronics,2,279,558
2024-05-01,INV021090,Shannon Ortega,Mouse,Electronics,1,221,221
2024-05-02,INV021091,Blake Potts,Chair,Electronics,8,313,2504
2024-05-03,INV021092,Stephanie Hatfield,Keyboard,Furniture,1,326,326
2024-05-04,INV021093,Cynthia Rojas,Laptop,Electronics,3,326,978
2024-05-05,INV021094,Katherine Mills,Keyboard,Furniture,4,167,668
2024-05-06,INV021095,Katherine Brown,Chair,Accessories,6,193,1158
2024-05-07,INV021096,Nathan Fernandez,Laptop,Electronics,2,415,830
2024-05-08,INV021097,William Barnett,Monitor,Electronics,3,347,1041
2024-05-09,INV021098,Kathryn Arnold,Mouse,Furniture,3,81,243
2024-05-10,INV021099,Ralph Wyatt,Mouse,Furniture,8,264,2112
2024-05-11,INV021100,Ronald Cross,Monitor,Furniture,7,64,448
2024-05-12,INV021101,Kevin White,Keyboard,Electronics,3,113,339
2024-05-13,INV021102,Jacqueline Hubbard,Mouse,Accessories,1,313,313
2024-05-14,INV021103,James Butler,Chair,Accessories,9,384,3456
2024-05-15,INV021104,Steven Jackson,Monitor,Accessories,1,311,311
2024-05-16,INV021105,Ashley Lawson,Keyboard,Electronics,5,211,1055
2024-05-17,INV021106,Lori Shaw,Monitor,Furniture,8,451,3608
2024-05-18,INV021107,Abigail Clark,Mouse,Accessories,2,133,266
2024-05-19,INV021108,Richard Bell,Keyboard,Accessories,4,127,508
2024-05-20,INV021109,Michael Miller,Laptop,Furniture,7,330,2310
2024-05-21,INV021110,Erin Crawford,Monitor,Electronics,7,172,1204
2024-05-22,INV021111,Lee Brown,Monitor,Furniture,4,201,804
2024-05-23,INV021112,Peter Garcia,Mouse,Furniture,1,164,164
2024-05-24,INV021113,Jacob Hughes,Monitor,Furniture,4,363,1452
2024-05-25,INV021114,Melissa Tucker,Laptop,Accessories,4,426,1704
2024-05-26,INV021115,Emily Tyler,Laptop,Electronics,4,161,644
2024-05-27,INV021116,Michael Patterson,Laptop,Accessories,8,247,1976
2024-05-28,INV021117,Christopher Payne,Laptop,Electronics,6,405,2430
2024-05-29,INV021118,Jeffery Moore,Mouse,Accessories,1,413,413
2024-05-30,INV021119,Gregory Brown,Chair,Accessories,3,156,468
2024-05-31,INV021120,Zachary Hall,Chair,Electronics,3,332,996
2024-06-01,INV021121,Michael Kramer,Keyboard,Accessories,5,433,2165
2024-06-02,INV021122,Christopher Taylor,Monitor,Furniture,3,246,738
2024-06-03,INV021123,Jason Clark,Mouse,Accessories,3,340,1020
2024-06-04,INV021124,Tara Wright,Chair,Accessories,3,467,1401
2024-06-05,INV021125,Tanya Serrano,Laptop,Electronics,3,320,960
2024-06-06,INV021126,Keith Campbell,Keyboard,Electronics,9,498,4482
2024-06-07,INV021127,Tammy Murphy,Keyboard,Accessories,8,388,3104
2024-06-08,INV021128,Hailey Warren,Laptop,Furniture,1,214,214
2024-06-09,INV021129,Scott Lucas,Chair,Electronics,7,267,1869
2024-06-10,INV021130,William Robbins,Mouse,Electronics,6,206,1236
2024-06-11,INV021131,Corey Peck,Monitor,Electronics,7,374,2618
2024-06-12,INV021132,James Banks,Mouse,Electronics,5,213,1065
2024-06-13,INV021133,Tina Hendricks,Keyboard,Accessories,5,112,560
2024-06-14,INV021134,Mark Phillips,Keyboard,Accessories,2,213,426
2024-06-15,INV021135,Lynn Edwards,Chair,Accessories,3,340,1020
2024-06-16,INV021136,Julia Boyer,Mouse,Furniture,2,381,762
2024-06-17,INV021137,Jody Guzman,Laptop,Furniture,9,234,2106
2024-06-18,INV021138,Timothy Logan,Keyboard,Accessories,3,359,1077
2024-06-19,INV021139,Angela Proctor,Monitor,Accessories,2,257,514
2024-06-20,INV021140,Yesenia Lawson,Chair,Accessories,9,431,3879
2024-06-21,INV021141,David Lloyd,Keyboard,Accessories,7,308,2156
2024-06-22,INV021142,Sarah Martinez,Chair,Furniture,5,70,350
2024-06-23,INV021143,Cynthia Jones,Keyboard,Accessories,8,124,992
2024-06-24,INV021144,Alexandra Carney,Monitor,Accessories,4,86,344
2024-06-25,INV021145,Brenda Cline,Mouse,Electronics,2,280,560
2024-06-26,INV021146,Amanda Gibbs,Keyboard,Accessories,2,155,310
2024-06-27,INV021147,Alison Collins,Chair,Accessories,7,90,630
2024-06-28,INV021148,Mary Castaneda,Chair,Accessories,7,441,3087
2024-06-29,INV021149,Danny Collins,Keyboard,Accessories,9,347,3123
2024-06-30,INV021150,Carol Watson,Laptop,Electronics,1,174,174
2024-07-01,INV021151,Michael Hernandez,Laptop,Electronics,3,164,492
2024-07-02,INV021152,Kiara Roberts,Monitor,Furniture,1,101,101
2024-07-03,INV021153,Michele Figueroa,Keyboard,Furniture,3,276,828
2024-07-04,INV021154,Christopher Lopez,Keyboard,Furniture,3,322,966
2024-07-05,INV021155,Leslie Snyder,Chair,Accessories,6,69,414
2024-07-06,INV021156,Rachael Perez,Monitor,Electronics,8,386,3088
2024-07-07,INV021157,Shannon Herring,Keyboard,Accessories,5,204,1020
2024-07-08,INV021158,Sara Rivas,Keyboard,Electronics,9,256,2304
2024-07-09,INV021159,Brent Edwards,Mouse,Electronics,7,298,2086
2024-07-10,INV021160,Nathan Brown,Chair,Furniture,1,115,115
2024-07-11,INV021161,Michael Compton MD,Laptop,Accessories,4,55,220
2024-07-12,INV021162,Cindy Morgan,Mouse,Accessories,3,224,672
2024-07-13,INV021163,Dr. Lisa Thomas,Mouse,Furniture,6,415,2490
2024-07-14,INV021164,Krystal Chapman,Chair,Accessories,4,367,1468
2024-07-15,INV021165,Shannon Ali,Keyboard,Furniture,7,466,3262
2024-07-16,INV021166,Michael Sanchez,Mouse,Accessories,8,129,1032
2024-07-17,INV021167,Amber Richardson,Laptop,Electronics,2,123,246
2024-07-18,INV021168,Lauren Davis,Mouse,Accessories,4,439,1756
2024-07-19,INV021169,Kimberly Miller,Laptop,Accessories,6,463,2778
2024-07-20,INV021170,Margaret Norris,Laptop,Electronics,9,269,2421
2024-07-21,INV021171,Sandra Moore,Keyboard,Accessories,2,199,398
2024-07-22,INV021172,Jennifer Wilkinson,Mouse,Furniture,9,441,3969
2024-07-23,INV021173,Elizabeth Dixon,Chair,Electronics,3,378,1134
2024-07-24,INV021174,Mrs. Morgan Smith,Monitor,Electronics,7,304,2128
2024-07-25,INV021175,Amy Guzman,Monitor,Accessories,1,387,387
2024-07-26,INV021176,Sarah Woodward,Laptop,Furniture,6,436,2616
2024-07-27,INV021177,Mary King,Mouse,Accessories,3,493,1479
2024-07-28,INV021178,Shannon Howard,Keyboard,Electronics,5,491,2455
2024-07-29,INV021179,Jocelyn Johnson,Chair,Accessories,8,157,1256
2024-07-30,INV021180,Martin Larson,Chair,Furniture,8,251,2008
2024-07-31,INV021181,Kevin Warner,Chair,Electronics,1,485,485
2024-08-01,INV021182,Haley Love,Chair,Furniture,4,451,1804
2024-08-02,INV021183,Aaron Ritter,Laptop,Furniture,1,282,282
2024-08-03,INV021184,Elizabeth Fitzgerald DVM,Laptop,Accessories,8,83,664
2024-08-04,INV021185,Theresa Velazquez DDS,Laptop,Furniture,3,431,1293
2024-08-05,INV021186,Ryan Shaw,Monitor,Furniture,9,235,2115
2024-08-06,INV021187,Jordan Jones,Laptop,Electronics,6,285,1710
2024-08-07,INV021188,Kaylee Lopez,Monitor,Accessories,8,363,2904
2024-08-08,INV021189,David Benitez,Keyboard,Furniture,6,352,2112
2024-08-09,INV021190,Paul Thompson,Monitor,Electronics,5,373,1865
2024-08-10,INV021191,Eric Bradley,Keyboard,Accessories,3,325,975
2024-08-11,INV021192,Robert Lopez,Mouse,Furniture,3,307,921
2024-08-12,INV021193,Erika Smith,Monitor,Accessories,2,294,588
2024-08-13,INV021194,John Summers,Laptop,Accessories,8,72,576
2024-08-14,INV021195,Sarah Allen,Laptop,Furniture,6,121,726
2024-08-15,INV021196,Stephanie White,Monitor,Electronics,1,144,144
2024-08-16,INV021197,Jerry Brown,Monitor,Accessories,3,491,1473
2024-08-17,INV021198,Danny Spears,Laptop,Furniture,4,246,984
2024-08-18,INV021199,Kara Hood,Chair,Furniture,2,343,686
