Date,Invoice ID,Customer Name,Product,Category,Quantity,Unit Price,Total
2024-04-01,INV041000,Gregory Cole,Chair,Electronics,3,415,1245
2024-04-02,INV041001,Robert Mason,Chair,Accessories,4,234,936
2024-04-03,INV041002,Johnathan Brown,Chair,Accessories,7,279,1953
2024-04-04,INV041003,Karen Smith,Keyboard,Furniture,5,183,915
2024-04-05,INV041004,Michael Yang,Laptop,Electronics,3,313,939
2024-04-06,INV041005,Christian Rangel,Mouse,Furniture,9,359,3231
2024-04-07,INV041006,Jennifer Lopez,Monitor,Accessories,5,203,1015
2024-04-08,INV041007,Denise Brooks,Mouse,Electronics,8,396,3168
2024-04-09,INV041008,Jeremiah Anderson,Laptop,Furniture,8,402,3216
2024-04-10,INV041009,David Phillips,Laptop,Electronics,7,125,875
2024-04-11,INV041010,Morgan Logan,Laptop,Furniture,5,215,1075
2024-04-12,INV041011,Jeanette Thornton,Mouse,Accessories,8,452,3616
2024-04-13,INV041012,Carrie Wilson,Monitor,Furniture,1,73,73
2024-04-14,INV041013,Angela Greene,Chair,Furniture,3,144,432
2024-04-15,INV041014,Michael Robinson,Chair,Electronics,4,146,584
2024-04-16,INV041015,Jennifer Lewis,Laptop,Electronics,3,477,1431
2024-04-17,INV041016,David Howard,Mouse,Furniture,2,457,914
2024-04-18,INV041017,Jennifer Hernandez,Laptop,Accessories,8,59,472
2024-04-19,INV041018,Ryan Yu,Monitor,Electronics,5,432,2160
2024-04-20,INV041019,Kyle Odonnell,Mouse,Electronics,6,182,1092
2024-04-21,INV041020,Maria Cummings,Laptop,Accessories,7,350,2450
2024-04-22,INV041021,Sandra Wade,Laptop,Accessories,5,478,2390
2024-04-23,INV041022,Michael Humphrey,Mouse,Accessories,3,295,885
2024-04-24,INV041023,Michelle Hunt,Keyboard,Electronics,7,226,1582
2024-04-25,INV041024,Billy Massey,Chair,Furniture,7,119,833
2024-04-26,INV041025,Kathleen Odom,Monitor,Furniture,1,343,343
2024-04-27,INV041026,Nicole Simmons,Monitor,Furniture,7,304,2128
2024-04-28,INV041027,Brianna Taylor,Mouse,Electronics,7,136,952
2024-04-29,INV041028,Stephen Meza,Monitor,Accessories,4,322,1288
2024-04-30,INV041029,Erika Wilson,Chair,Accessories,9,425,3825
2024-05-01,INV041030,Dustin Williams,Laptop,Accessories,7,406,2842
2024-05-02,INV041031,Sean Cross,Mouse,Accessories,3,80,240
2024-05-03,INV041032,Charles Martinez,Keyboard,Electronics,6,156,936
2024-05-04,INV041033,Dr. Amy Acevedo,Monitor,Electronics,9,185,1665
2024-05-05,INV041034,Christopher Atkins,Laptop,Electronics,9,497,4473
2024-05-06,INV041035,Julie Lucas,Chair,Accessories,1,237,237
2024-05-07,INV041036,Angela Perez,Monitor,Furniture,1,469,469
2024-05-08,INV041037,Kathleen Anderson,Chair,Furniture,3,491,1473
2024-05-09,INV041038,Richard Andersen,Chair,Electronics,8,138,1104
2024-05-10,INV041039,Denise Franco,Mouse,Electronics,3,333,999
2024-05-11,INV041040,Kayla Mathis,Chair,Furniture,3,185,555
2024-05-12,INV041041,Michelle Turner,Chair,Accessories,1,90,90
2024-05-13,INV041042,Stephen Gibson,Monitor,Electronics,9,250,2250
2024-05-14,INV041043,Nicholas Smith,Laptop,Accessories,1,258,258
2024-05-15,INV041044,Joseph Mcguire,Monitor,Accessories,5,368,1840
2024-05-16,INV041045,Randy Lee,Chair,Electronics,1,176,176
2024-05-17,INV041046,David Lynch,Monitor,Accessories,9,177,1593
2024-05-18,INV041047,Veronica Foster,Monitor,Accessories,8,125,1000
2024-05-19,INV041048,Erin White,Chair,Electronics,2,201,402
2024-05-20,INV041049,Rick Barnes,Chair,Electronics,9,220,1980
2024-05-21,INV041050,John Fuentes,Mouse,Furniture,7,206,1442
2024-05-22,INV041051,Kimberly Parker,Laptop,Electronics,6,109,654
2024-05-23,INV041052,Felicia Jones,Laptop,Furniture,5,364,1820
2024-05-24,INV041053,Richard Mccormick,Mouse,Electronics,8,495,3960
2024-05-25,INV041054,Rebecca Suarez,Monitor,Electronics,4,121,484
2024-05-26,INV041055,Samantha Young,Monitor,Electronics,1,473,473
2024-05-27,INV041056,Gary Barrera,Mouse,Accessories,9,497,4473
2024-05-28,INV041057,Barbara Lopez,Chair,Electronics,1,217,217
2024-05-29,INV041058,Deborah Howard,Laptop,Furniture,7,201,1407
2024-05-30,INV041059,Rebecca Obrien,Keyboard,Accessories,9,454,4086
2024-05-31,INV041060,Nancy Wilson,Chair,Furniture,2,329,658
2024-06-01,INV041061,Beth Hart,Monitor,Accessories,3,289,867
2024-06-02,INV041062,Corey Crane,Chair,Furniture,2,87,174
2024-06-03,INV041063,Beth Ochoa,Keyboard,Accessories,3,489,1467
2024-06-04,INV041064,Tami Rodriguez,Keyboard,Electronics,7,325,2275
2024-06-05,INV041065,Blake Nelson,Keyboard,Furniture,8,275,2200
2024-06-06,INV041066,Andrea Wright,Laptop,Accessories,9,322,2898
2024-06-07,INV041067,Carla Jones,Keyboard,Accessories,9,382,3438
2024-06-08,INV041068,Gina Clark,Mouse,Accessories,3,213,639
2024-06-09,INV041069,Norman Floyd,Keyboard,Accessories,6,474,2844
2024-06-10,INV041070,Matthew Salazar,Laptop,Furniture,6,193,1158
2024-06-11,INV041071,Ruben Contreras,Laptop,Furniture,9,70,630
2024-06-12,INV041072,Robert Wade,Keyboard,Accessories,2,103,206
2024-06-13,INV041073,Alec Fields,Chair,Accessories,1,137,137
2024-06-14,INV041074,Morgan Clarke,Keyboard,Furniture,7,290,2030
2024-06-15,INV041075,Jonathan Mills,Keyboard,Furniture,3,262,786
2024-06-16,INV041076,Michael Hernandez,Chair,Furniture,7,339,2373
2024-06-17,INV041077,Kristen Mendez,Keyboard,Furniture,8,481,3848
2024-06-18,INV041078,Christopher King,Chair,Electronics,5,359,1795
2024-06-19,INV041079,Paul Martin,Laptop,Electronics,1,213,213
2024-06-20,INV041080,Crystal Barrera,Laptop,Furniture,9,103,927
2024-06-21,INV041081,Jeffery Martinez,Mouse,Accessories,6,123,738
2024-06-22,INV041082,Kelly Kline,Laptop,Accessories,9,358,3222
2024-06-23,INV041083,Cynthia Molina,Mouse,Furniture,1,242,242
2024-06-24,INV041084,Robyn Nelson,Monitor,Accessories,6,441,2646
2024-06-25,INV041085,Diane Anthony,Mouse,Furniture,4,186,744
2024-06-26,INV041086,Shawn Fisher,Mouse,Accessories,2,276,552
2024-06-27,INV041087,Donald Frederick,Mouse,Electronics,5,248,1240
2024-06-28,INV041088,Shannon Jones,Keyboard,Electronics,2,193,386
2024-06-29,INV041089,Sharon Brooks,Keyboard,Furniture,9,244,2196
2024-06-30,INV041090,Jessica Cox,Monitor,Electronics,6,188,1128
2024-07-01,INV041091,Rhonda Ellis,Keyboard,Furniture,4,166,664
2024-07-02,INV041092,Charles Bonilla,Monitor,Furniture,1,139,139
2024-07-03,INV041093,Chelsea Johnson,Chair,Furniture,1,144,144
2024-07-04,INV041094,Ronald Gray,Laptop,Furniture,3,331,993
2024-07-05,INV041095,Joseph Wells,Monitor,Electronics,3,227,681
2024-07-06,INV041096,Michaela Butler,Chair,Furniture,8,484,3872
2024-07-07,INV041097,Jessica Jackson,Chair,Furniture,5,107,535
2024-07-08,INV041098,David Sanchez,Monitor,Electronics,1,448,448
2024-07-09,INV041099,Dustin Lopez DVM,Chair,Electronics,7,352,2464
2024-07-10,INV041100,Amanda Smith,Monitor,Electronics,7,203,1421
2024-07-11,INV041101,Donna Larson,Keyboard,Accessories,4,447,1788
2024-07-12,INV041102,Victoria Warren,Monitor,Accessories,4,287,1148
2024-07-13,INV041103,Carol Spencer,Mouse,Furniture,2,194,388
2024-07-14,INV041104,Adam Ramos,Monitor,Electronics,1,297,297
2024-07-15,INV041105,Amy Kelly,Laptop,Accessories,2,221,442
2024-07-16,INV041106,Melissa Montgomery,Keyboard,Accessories,4,300,1200
2024-07-17,INV041107,Jeffrey Mccoy,Chair,Accessories,7,465,3255
2024-07-18,INV041108,Ryan Mckenzie,Laptop,Accessories,7,205,1435
2024-07-19,INV041109,Daniel Dixon,Keyboard,Electronics,1,346,346
2024-07-20,INV041110,Brittany Harrison,Keyboard,Accessories,1,397,397
2024-07-21,INV041111,Angelica Snow,Mouse,Electronics,1,381,381
2024-07-22,INV041112,Michael Finley,Keyboard,Furniture,3,461,1383
2024-07-23,INV041113,James Smith,Chair,Accessories,4,120,480
2024-07-24,INV041114,Charles Simmons,Keyboard,Accessories,2,470,940
2024-07-25,INV041115,Rachel Roberts,Laptop,Electronics,2,165,330
2024-07-26,INV041116,Carla Lewis,Keyboard,Furniture,2,319,638
2024-07-27,INV041117,Jason Wise,Chair,Furniture,7,389,2723
2024-07-28,INV041118,Amanda Davis,Chair,Accessories,7,239,1673
2024-07-29,INV041119,Mindy Smith,Monitor,Furniture,5,355,1775
2024-07-30,INV041120,William Clark,Mouse,Electronics,7,273,1911
2024-07-31,INV041121,Amanda Curry,Monitor,Furniture,9,159,1431
2024-08-01,INV041122,John Carter,Mouse,Furniture,4,68,272
2024-08-02,INV041123,Jason Jackson,Chair,Furniture,8,246,1968
2024-08-03,INV041124,Nicole Munoz,Chair,Electronics,4,338,1352
2024-08-04,INV041125,Travis Turner,Mouse,Accessories,8,391,3128
2024-08-05,INV041126,Charles Cortez,Chair,Furniture,9,411,3699
2024-08-06,INV041127,Nathaniel Orr,Monitor,Accessories,6,222,1332
2024-08-07,INV041128,Troy Rodriguez,Monitor,Furniture,4,339,1356
2024-08-08,INV041129,James Obrien,Laptop,Electronics,5,51,255
2024-08-09,INV041130,Ryan Alexander,Keyboard,Accessories,3,311,933
2024-08-10,INV041131,Bruce Riley,Keyboard,Electronics,1,119,119
2024-08-11,INV041132,Laura Garza,Keyboard,Electronics,7,130,910
2024-08-12,INV041133,Amy Holt,Laptop,Accessories,1,416,416
2024-08-13,INV041134,Angela Jacobs,Mouse,Accessories,8,486,3888
2024-08-14,INV041135,Daniel Davis,Laptop,Furniture,7,349,2443
2024-08-15,INV041136,Christina Robinson,Chair,Accessories,6,264,1584
2024-08-16,INV041137,William Newton,Chair,Electronics,6,306,1836
2024-08-17,INV041138,Gloria Morgan,Mouse,Accessories,8,496,3968
2024-08-18,INV041139,Amy Scott,Chair,Accessories,2,113,226
2024-08-19,INV041140,Rodney Sullivan,Laptop,Accessories,8,428,3424
2024-08-20,INV041141,Ian Todd,Monitor,Furniture,3,206,618
2024-08-21,INV041142,John Williams,Laptop,Accessories,1,144,144
2024-08-22,INV041143,Sheila Robinson,Laptop,Furniture,4,421,1684
2024-08-23,INV041144,Julie Miles,Chair,Electronics,2,170,340
2024-08-24,INV041145,Stanley Miller,Laptop,Accessories,8,433,3464
2024-08-25,INV041146,Kimberly Green,Chair,Accessories,1,128,128
2024-08-26,INV041147,Justin Hernandez,Keyboard,Electronics,5,98,490
2024-08-27,INV041148,Keith Barnes,Chair,Electronics,8,189,1512
2024-08-28,INV041149,Sheena Kim,Mouse,Accessories,7,78,546
2024-08-29,INV041150,Monica Allen,Chair,Electronics,2,339,678
2024-08-30,INV041151,Douglas Boyd,Laptop,Accessories,5,392,1960
2024-08-31,INV041152,Miguel Lopez,Chair,Furniture,6,51,306
2024-09-01,INV041153,James Harrison,Laptop,Accessories,9,281,2529
2024-09-02,INV041154,John Howard,Mouse,Electronics,5,461,2305
2024-09-03,INV041155,Lorraine Gross,Chair,Furniture,3,161,483
2024-09-04,INV041156,Austin Hernandez,Laptop,Furniture,4,342,1368
2024-09-05,INV041157,Angela Davis,Keyboard,Furniture,9,144,1296
2024-09-06,INV041158,Laura Solomon DDS,Chair,Furniture,7,363,2541
2024-09-07,INV041159,Shannon Lyons,Keyboard,Furniture,1,132,132
2024-09-08,INV041160,David Smith,Monitor,Furniture,2,53,106
2024-09-09,INV041161,Hannah Hahn,Laptop,Furniture,9,140,1260
2024-09-10,INV041162,Howard Mitchell,Chair,Furniture,9,421,3789
2024-09-11,INV041163,Stephanie White,Monitor,Accessories,7,276,1932
2024-09-12,INV041164,Elaine Conner,Keyboard,Electronics,9,320,2880
2024-09-13,INV041165,Jessica Watkins,Mouse,Furniture,6,315,1890
2024-09-14,INV041166,Kimberly Garcia,Monitor,Electronics,4,474,1896
2024-09-15,INV041167,Edward Mitchell,Monitor,Electronics,2,147,294
2024-09-16,INV041168,Jessica Cooke,Chair,Accessories,9,235,2115
2024-09-17,INV041169,Mrs. Debra Underwood,Monitor,Furniture,3,154,462
2024-09-18,INV041170,Raymond Davis,Chair,Furniture,7,190,1330
2024-09-19,INV041171,Cody Moore,Monitor,Accessories,2,109,218
2024-09-20,INV041172,Judith Hall,Laptop,Furniture,7,435,3045
2024-09-21,INV041173,Terrance Wang,Laptop,Electronics,6,317,1902
2024-09-22,INV041174,Susan Carlson,Laptop,Furniture,6,371,2226
2024-09-23,INV041175,Pedro Lamb,Chair,Electronics,4,468,1872
2024-09-24,INV041176,Melissa Jacobs,Monitor,Furniture,9,439,3951
2024-09-25,INV041177,Mackenzie Walker,Mouse,Furniture,2,201,402
2024-09-26,INV041178,Amy Combs,Monitor,Accessories,2,453,906
2024-09-27,INV041179,Stacy Cunningham MD,Keyboard,Accessories,4,209,836
2024-09-28,INV041180,Dr. Walter Dunn,Keyboard,Electronics,5,94,470
2024-09-29,INV041181,Marilyn Patel,Monitor,Furniture,4,102,408
2024-09-30,INV041182,Emily Walker,Laptop,Furniture,8,94,752
2024-10-01,INV041183,Christina Nunez,Monitor,Accessories,3,236,708
2024-10-02,INV041184,Bruce Fuller,Keyboard,Furniture,2,107,214
2024-10-03,INV041185,Stacey Johnson,Monitor,Accessories,7,419,2933
2024-10-04,INV041186,David Anderson,Laptop,Electronics,7,351,2457
2024-10-05,INV041187,Sharon Carter,Mouse,Electronics,4,284,1136
2024-10-06,INV041188,David Ford,Chair,Furniture,5,340,1700
2024-10-07,INV041189,Theresa Torres,Mouse,Furniture,4,100,400
2024-10-08,INV041190,Megan Mitchell,Monitor,Furniture,5,390,1950
2024-10-09,INV041191,Robert Boyd,Chair,Accessories,8,248,1984
2024-10-10,INV041192,Anthony Cohen,Chair,Electronics,5,191,955
2024-10-11,INV041193,Richard Fernandez,Keyboard,Electronics,1,264,264
2024-10-12,INV041194,Brian Thompson,Keyboard,Electronics,3,245,735
2024-10-13,INV041195,Lindsey Henderson,Monitor,Accessories,7,334,2338
2024-10-14,INV041196,Lisa Turner,Keyboard,Accessories,5,410,2050
2024-10-15,INV041197,Alisha Chambers,Laptop,Furniture,9,495,4455
2024-10-16,INV041198,Anthony Russell,Monitor,Furniture,4,254,1016
2024-10-17,INV041199,Robin Peterson,Monitor,Electronics,5,250,1250
