Date,Invoice ID,Customer Name,Product,Category,Quantity,Unit Price,Total
2024-01-01,INV011000,Jennifer Chavez,Mouse,Accessories,8,333,2664
2024-01-02,INV011001,Cheryl Frazier,Mouse,Furniture,7,272,1904
2024-01-03,INV011002,Margaret Williams,Mouse,Furniture,1,325,325
2024-01-04,INV011003,Alexander Thompson,Keyboard,Furniture,2,450,900
2024-01-05,INV011004,Marissa Solomon,Keyboard,Electronics,8,130,1040
2024-01-06,INV011005,Kenneth Kerr,Keyboard,Accessories,1,139,139
2024-01-07,INV011006,Benjamin Melton,Chair,Electronics,9,404,3636
2024-01-08,INV011007,Tracy Flores,Monitor,Furniture,9,104,936
2024-01-09,INV011008,Jill Alexander,Chair,Electronics,8,482,3856
2024-01-10,INV011009,Kurt Mcfarland,Keyboard,Accessories,1,264,264
2024-01-11,INV011010,Angela Walton,Laptop,Furniture,6,343,2058
2024-01-12,INV011011,Wendy Phillips,Keyboard,Accessories,5,330,1650
2024-01-13,INV011012,Kimberly Arroyo,Chair,Electronics,9,218,1962
2024-01-14,INV011013,Sandra Russo,Keyboard,Accessories,2,490,980
2024-01-15,INV011014,Daniel Carr,Chair,Electronics,2,302,604
2024-01-16,INV011015,Deborah Blankenship,Mouse,Furniture,5,343,1715
2024-01-17,INV011016,Ryan Short,Mouse,Accessories,9,312,2808
2024-01-18,INV011017,Ricardo Martinez,Chair,Electronics,9,132,1188
2024-01-19,INV011018,Tyler Carter,Chair,Furniture,3,354,1062
2024-01-20,INV011019,Daniel Hess,Laptop,Accessories,6,221,1326
2024-01-21,INV011020,James Davis,Laptop,Accessories,3,483,1449
2024-01-22,INV011021,Ruth Mendoza,Chair,Accessories,2,205,410
2024-01-23,INV011022,Eric Williams,Chair,Accessories,7,54,378
2024-01-24,INV011023,Lauren Martin,Keyboard,Accessories,2,421,842
2024-01-25,INV011024,Jeffery Morris,Monitor,Electronics,7,204,1428
2024-01-26,INV011025,Donald Lane,Laptop,Electronics,5,246,1230
2024-01-27,INV011026,Joseph Gibbs,Laptop,Electronics,8,264,2112
2024-01-28,INV011027,Stacie Salazar,Laptop,Electronics,8,212,1696
2024-01-29,INV011028,Heather Jones,Keyboard,Electronics,1,89,89
2024-01-30,INV011029,Rebecca Thomas,Monitor,Furniture,1,187,187
2024-01-31,INV011030,Stacie Johnson,Monitor,Electronics,2,489,978
2024-02-01,INV011031,Patrick Dominguez,Mouse,Electronics,3,322,966
2024-02-02,INV011032,Karen Clark,Laptop,Accessories,1,115,115
2024-02-03,INV011033,Mary Mccoy,Keyboard,Electronics,9,143,1287
2024-02-04,INV011034,Terry Lopez,Chair,Furniture,4,499,1996
2024-02-05,INV011035,William Miller,Laptop,Accessories,3,306,918
2024-02-06,INV011036,Tanya Edwards,Chair,Furniture,1,489,489
2024-02-07,INV011037,Katie Thornton,Laptop,Furniture,9,202,1818
2024-02-08,INV011038,Craig Barrera,Laptop,Furniture,5,420,2100
2024-02-09,INV011039,Shawn Powell,Keyboard,Furniture,3,450,1350
2024-02-10,INV011040,Edward Dodson,Monitor,Furniture,3,442,1326
2024-02-11,INV011041,Ashley Wong,Monitor,Furniture,4,158,632
2024-02-12,INV011042,Crystal Evans,Mouse,Electronics,5,496,2480
2024-02-13,INV011043,Brittany Fernandez,Keyboard,Furniture,1,239,239
2024-02-14,INV011044,Teresa Mora,Laptop,Electronics,9,389,3501
2024-02-15,INV011045,Sherri Hansen,Keyboard,Accessories,4,452,1808
2024-02-16,INV011046,Timothy Taylor,Monitor,Furniture,9,228,2052
2024-02-17,INV011047,Lauren Adams,Chair,Electronics,7,134,938
2024-02-18,INV011048,Rebecca Myers,Laptop,Furniture,7,361,2527
2024-02-19,INV011049,Paul Walker Jr.,Chair,Electronics,9,136,1224
2024-02-20,INV011050,Adam Williams,Chair,Electronics,6,238,1428
2024-02-21,INV011051,Elizabeth Tate,Monitor,Electronics,4,120,480
2024-02-22,INV011052,Craig Morgan,Chair,Electronics,2,393,786
2024-02-23,INV011053,Laura Thompson,Keyboard,Furniture,2,245,490
2024-02-24,INV011054,Nicholas Carlson,Monitor,Accessories,8,287,2296
2024-02-25,INV011055,Abigail Cunningham,Monitor,Electronics,2,443,886
2024-02-26,INV011056,William Mcdonald,Chair,Accessories,4,228,912
2024-02-27,INV011057,Andrew Brooks,Laptop,Electronics,3,364,1092
2024-02-28,INV011058,Mary Day,Laptop,Furniture,6,486,2916
2024-02-29,INV011059,Maria Bender,Chair,Accessories,9,328,2952
2024-03-01,INV011060,Denise Miller,Chair,Accessories,7,397,2779
2024-03-02,INV011061,Patricia Gould,Laptop,Accessories,7,64,448
2024-03-03,INV011062,Katrina Kim,Laptop,Furniture,6,416,2496
2024-03-04,INV011063,James Tucker,Keyboard,Furniture,9,209,1881
2024-03-05,INV011064,Betty Weiss,Monitor,Electronics,3,335,1005
2024-03-06,INV011065,Mrs. Leslie Lopez,Mouse,Furniture,4,358,1432
2024-03-07,INV011066,Kimberly Moreno,Chair,Electronics,3,75,225
2024-03-08,INV011067,Whitney Barnes,Chair,Furniture,2,423,846
2024-03-09,INV011068,Amber Caldwell,Mouse,Accessories,4,136,544
2024-03-10,INV011069,Kendra Rhodes,Chair,Electronics,1,207,207
2024-03-11,INV011070,Dennis Livingston,Keyboard,Electronics,2,366,732
2024-03-12,INV011071,Sandra Miller,Mouse,Electronics,2,68,136
2024-03-13,INV011072,Courtney Moore,Mouse,Furniture,7,454,3178
2024-03-14,INV011073,Jennifer Aguirre,Mouse,Electronics,2,381,762
2024-03-15,INV011074,Carolyn Meza MD,Chair,Electronics,1,142,142
2024-03-16,INV011075,Krista Clark,Mouse,Electronics,8,482,3856
2024-03-17,INV011076,Derek Snyder,Laptop,Accessories,1,81,81
2024-03-18,INV011077,Lisa Green,Mouse,Accessories,8,222,1776
2024-03-19,INV011078,Joshua Smith,Laptop,Furniture,6,258,1548
2024-03-20,INV011079,Jeffery Dickerson,Monitor,Accessories,1,59,59
2024-03-21,INV011080,Paul Collins,Keyboard,Furniture,8,408,3264
2024-03-22,INV011081,Frances Hale,Chair,Electronics,1,153,153
2024-03-23,INV011082,Tina Schneider,Chair,Accessories,5,441,2205
2024-03-24,INV011083,Ashley Martin,Chair,Electronics,2,413,826
2024-03-25,INV011084,Martha Sanchez,Monitor,Accessories,8,493,3944
2024-03-26,INV011085,James Le,Monitor,Accessories,8,63,504
2024-03-27,INV011086,Heather Garcia,Mouse,Accessories,2,455,910
2024-03-28,INV011087,Karen Rivera,Laptop,Electronics,9,80,720
2024-03-29,INV011088,Mark Johnson,Laptop,Furniture,2,345,690
2024-03-30,INV011089,Stephanie Moses,Laptop,Electronics,2,375,750
2024-03-31,INV011090,David Rivera,Laptop,Electronics,7,386,2702
2024-04-01,INV011091,Brandon White,Chair,Electronics,5,425,2125
2024-04-02,INV011092,Michael Wang,Monitor,Furniture,3,80,240
2024-04-03,INV011093,Sean Richardson,Keyboard,Electronics,2,81,162
2024-04-04,INV011094,Terry Boone,Laptop,Accessories,9,329,2961
2024-04-05,INV011095,Heather Reynolds,Mouse,Furniture,8,186,1488
2024-04-06,INV011096,Jonathan Williams,Laptop,Accessories,5,55,275
2024-04-07,INV011097,Elizabeth Singh,Chair,Electronics,9,261,2349
2024-04-08,INV011098,Darrell Morrison DVM,Monitor,Furniture,8,217,1736
2024-04-09,INV011099,Jennifer Phillips,Chair,Accessories,5,394,1970
2024-04-10,INV011100,Deborah Vasquez,Laptop,Electronics,4,122,488
2024-04-11,INV011101,Kenneth Gilmore,Mouse,Furniture,2,314,628
2024-04-12,INV011102,James Shaw,Keyboard,Furniture,6,419,2514
2024-04-13,INV011103,Brian Moreno,Chair,Accessories,6,398,2388
2024-04-14,INV011104,Jose Mason,Chair,Electronics,2,85,170
2024-04-15,INV011105,Bryce Hill,Mouse,Furniture,1,257,257
2024-04-16,INV011106,Belinda Black,Keyboard,Accessories,6,130,780
2024-04-17,INV011107,Michelle Potter,Mouse,Electronics,2,144,288
2024-04-18,INV011108,Jeremiah Sanchez,Monitor,Electronics,3,338,1014
2024-04-19,INV011109,Anthony Estes,Keyboard,Furniture,9,363,3267
2024-04-20,INV011110,Karl Rivers,Monitor,Accessories,5,471,2355
2024-04-21,INV011111,Tamara Hancock,Laptop,Furniture,8,143,1144
2024-04-22,INV011112,Stephanie Martin,Laptop,Accessories,8,391,3128
2024-04-23,INV011113,Sandra Richardson,Monitor,Furniture,4,452,1808
2024-04-24,INV011114,Kathryn Myers DVM,Laptop,Accessories,4,432,1728
2024-04-25,INV011115,Todd Wolfe,Chair,Furniture,4,278,1112
2024-04-26,INV011116,Willie Bryant,Mouse,Electronics,2,95,190
2024-04-27,INV011117,Michael Whitaker,Monitor,Accessories,8,204,1632
2024-04-28,INV011118,Matthew Cabrera,Chair,Accessories,3,445,1335
2024-04-29,INV011119,Alexis Lewis,Laptop,Electronics,8,326,2608
2024-04-30,INV011120,Mr. Matthew Coleman,Mouse,Electronics,7,380,2660
2024-05-01,INV011121,Mathew Mendez,Monitor,Accessories,2,187,374
2024-05-02,INV011122,Patricia Jones,Laptop,Furniture,4,155,620
2024-05-03,INV011123,Cheryl Knight,Chair,Furniture,8,473,3784
2024-05-04,INV011124,Heather Thomas,Keyboard,Furniture,4,218,872
2024-05-05,INV011125,Craig Hanson,Monitor,Accessories,9,175,1575
2024-05-06,INV011126,Thomas Brown,Keyboard,Furniture,5,120,600
2024-05-07,INV011127,Mr. Michael Adams,Keyboard,Accessories,5,491,2455
2024-05-08,INV011128,Natalie Hoover,Keyboard,Accessories,3,218,654
2024-05-09,INV011129,Dorothy Nichols,Chair,Accessories,6,147,882
2024-05-10,INV011130,Scott Gilmore,Keyboard,Electronics,1,72,72
2024-05-11,INV011131,Samantha Schneider,Mouse,Accessories,9,244,2196
2024-05-12,INV011132,Kyle Jones,Mouse,Electronics,5,482,2410
2024-05-13,INV011133,Joanna Hall,Mouse,Electronics,1,241,241
2024-05-14,INV011134,David Williams,Keyboard,Furniture,9,106,954
2024-05-15,INV011135,Jocelyn Tucker,Monitor,Furniture,1,186,186
2024-05-16,INV011136,Jose Brown,Chair,Accessories,8,140,1120
2024-05-17,INV011137,Michelle Wells,Laptop,Furniture,1,152,152
2024-05-18,INV011138,Christopher Bennett,Mouse,Accessories,4,425,1700
2024-05-19,INV011139,Tammy Thomas,Laptop,Furniture,6,155,930
2024-05-20,INV011140,Ashley Jones,Monitor,Electronics,7,325,2275
2024-05-21,INV011141,Timothy Brown,Keyboard,Furniture,8,433,3464
2024-05-22,INV011142,Edward Miller,Mouse,Furniture,6,106,636
2024-05-23,INV011143,Marvin Reeves,Keyboard,Accessories,7,82,574
2024-05-24,INV011144,Craig Green,Laptop,Electronics,1,335,335
2024-05-25,INV011145,Laura Reed,Laptop,Electronics,9,475,4275
2024-05-26,INV011146,Jonathan Garcia,Monitor,Electronics,6,498,2988
2024-05-27,INV011147,Billy Rhodes,Mouse,Furniture,8,478,3824
2024-05-28,INV011148,Leah West,Laptop,Accessories,6,78,468
2024-05-29,INV011149,Kathryn Waller,Mouse,Electronics,1,323,323
2024-05-30,INV011150,Timothy Green,Monitor,Accessories,6,56,336
2024-05-31,INV011151,Michael Huff,Monitor,Electronics,9,204,1836
2024-06-01,INV011152,William Garrison,Chair,Electronics,3,103,309
2024-06-02,INV011153,Scott Kirk,Chair,Furniture,4,441,1764
2024-06-03,INV011154,Amber Lee,Monitor,Accessories,7,207,1449
2024-06-04,INV011155,Martin Garcia,Monitor,Accessories,1,270,270
2024-06-05,INV011156,Darrell Wilkins,Chair,Electronics,9,115,1035
2024-06-06,INV011157,Christopher Brown,Keyboard,Furniture,7,186,1302
2024-06-07,INV011158,Julia Gallegos,Keyboard,Furniture,7,128,896
2024-06-08,INV011159,Robert Williams,Chair,Electronics,4,288,1152
2024-06-09,INV011160,Jessica Burnett,Chair,Electronics,4,475,1900
2024-06-10,INV011161,Dr. Heather Brown,Monitor,Electronics,5,462,2310
2024-06-11,INV011162,Jason Smith,Mouse,Furniture,2,494,988
2024-06-12,INV011163,Gina James,Keyboard,Furniture,7,479,3353
2024-06-13,INV011164,Patricia Jones MD,Chair,Accessories,5,284,1420
2024-06-14,INV011165,Cody Calhoun,Mouse,Electronics,9,206,1854
2024-06-15,INV011166,Tracy Bruce,Chair,Electronics,6,69,414
2024-06-16,INV011167,Lindsay Duke,Keyboard,Accessories,6,392,2352
2024-06-17,INV011168,Sandra Alvarado,Chair,Electronics,1,440,440
2024-06-18,INV011169,Natasha Bennett,Laptop,Furniture,7,489,3423
2024-06-19,INV011170,Nancy Carney,Keyboard,Furniture,2,164,328
2024-06-20,INV011171,Nicholas Dorsey,Laptop,Accessories,1,497,497
2024-06-21,INV011172,Lindsey Huff,Keyboard,Furniture,2,346,692
2024-06-22,INV011173,Mary Escobar,Monitor,Furniture,9,417,3753
2024-06-23,INV011174,Tammy Edwards,Monitor,Accessories,2,370,740
2024-06-24,INV011175,Andrew Thompson,Keyboard,Accessories,1,285,285
2024-06-25,INV011176,Matthew Young,Mouse,Furniture,4,359,1436
2024-06-26,INV011177,Elizabeth Lopez,Keyboard,Furniture,6,103,618
2024-06-27,INV011178,Brenda Stokes,Chair,Accessories,4,487,1948
2024-06-28,INV011179,Heather Young,Mouse,Accessories,7,272,1904
2024-06-29,INV011180,Mark Webb,Keyboard,Accessories,1,60,60
2024-06-30,INV011181,Kathleen Ingram,Chair,Furniture,7,476,3332
2024-07-01,INV011182,Daniel Matthews,Monitor,Accessories,5,488,2440
2024-07-02,INV011183,David Allison,Laptop,Accessories,7,323,2261
2024-07-03,INV011184,Vanessa Casey,Laptop,Accessories,2,226,452
2024-07-04,INV011185,Courtney Kelly,Keyboard,Accessories,3,246,738
2024-07-05,INV011186,Christopher Keller,Chair,Accessories,5,398,1990
2024-07-06,INV011187,Erin Hines,Keyboard,Electronics,1,394,394
2024-07-07,INV011188,Jasmine Perry,Monitor,Electronics,4,296,1184
2024-07-08,INV011189,Michelle Smith,Monitor,Electronics,4,121,484
2024-07-09,INV011190,Shawn Wilkinson,Mouse,Accessories,7,80,560
2024-07-10,INV011191,Michelle Fischer,Mouse,Furniture,5,287,1435
2024-07-11,INV011192,Lance Bennett,Laptop,Furniture,2,428,856
2024-07-12,INV011193,Amber Gray,Laptop,Furniture,4,114,456
2024-07-13,INV011194,Michelle Fisher,Monitor,Accessories,8,185,1480
2024-07-14,INV011195,Elizabeth Lee,Chair,Furniture,8,69,552
2024-07-15,INV011196,David Webb,Monitor,Furniture,1,430,430
2024-07-16,INV011197,Michael Stephenson,Keyboard,Electronics,8,69,552
2024-07-17,INV011198,Christopher Johnson,Mouse,Furniture,8,149,1192
2024-07-18,INV011199,Chelsea Morales,Keyboard,Accessories,2,213,426
